[{"title":"Portvin Lille","desc":"kopkpokåk","price":"99","image":"https://encrypted-tbn0.gstatic.com/images?q=tbn:ANd9GcSxxSe-orUaew7oO2Wq4NQ-r26hKuCkMTNAalneuzknX5hsUxXEispi3_g5FghZGC3kwi8&usqp=CAU","userid":"b3f20d30-a2dc-4aff-bf59-e48050aa9d9e","categories":["lille"]},{"title":"porto sublime","desc":"very porto","price":"600","image":"https://www.totalwine.com/dynamic/490x/media/sys_master/twmmedia/he5/hdd/9942989832222.png","userid":"33230126-5616-4219-9abe-38b0b533b741","categories":["porto"]}]